Lowest RMSE Ridge,Lowest RMSE XGB
0.10559338590290078,0.0883596359209256
