Ridge Opti,XGB Opti
0.07635927200317383,272.1525182723999
